OpenPorchSF,0.970425585
YearBuilt,0.970354867
ScreenPorch,0.970188523
LowQualFinSF,0.969796373
1stFlrSF,0.969745369
EnclosedPorch,0.969593526
Nothing removed,0.969565773
BldgType,0.969435057
LandSlope,0.969356975
GarageCond,0.969270299
HalfBath,0.968804853
Utilities,0.968548151